text,true_emotion,predicted_emotion
"@MaddenFreestyle i turn the game on wanting to play madden, and before i load up a game i just turn it off now.",anger,sadness
My eyes have been dilated. I hate the world right now with the rage of a thousand fiery dragons. I need a drink.,anger,anger
i live and die for mchanzo honeymoon crashing and burning the second they move in together,anger,sadness
Lol little things like that make me so angry x,anger,anger
"I think our defense here at USC is playing well, we just need to fix a few things on offense and we can win the PAC 12 this year'",anger,joy
"I miss my gran singing Rawhide, in her deep baritone growl.",anger,sadness
"@gayla_weeks1 I try not to let my anger seep into reviews, but I resent having my time wasted on books like that. Time is precious.",anger,anger
All Brian does is sleep and aggravate me,anger,anger
@komal_sidhnani true...\nThey r burning with other's pleasure!\nPpl in true love happiness everywhere _ğŸ˜ƒ,anger,joy
"@FluDino Event started! everyone is getting ready to travel to the lake of rage, where everything glows",anger,joy
@LiamCannon1 He's just too raging to type properly... Ha ha!,anger,joy
"@Yoshi_OnoChin can you please not have Canadian players play US players, that lag  is atrocious. #fixthisgame #trash #sfvrefund ",anger,anger
@isthataspider @dhodgs i will fight this guy! Don't insult the lions like that! But seriously they kinda are.Wasted some of the best players,anger,anger
Having a baby born too soon is #lifechanging 6 years on and it feels like only yesterday #sad #happy #angry #emotionalrollercoaster,anger,sadness
Might just leave and aggravate bae,anger,sadness
Just joined #pottermore and was sorted into HUFFLEPUFF ğŸ˜¡ğŸ˜¡ğŸ˜¡ #fuming,anger,anger
S/O to the girl that just hit my car...not only did she get lucky w/ no scratch but also from being spared the wrath of sleep deprived KaitğŸ™ƒ,anger,anger
"(Sam) Brown's Law: Never offend people with style when you can fake that, you have to break us in this Island.",anger,anger
"@reluctantnicko Don't ask, you don't get. Apologies if I've offended you. All due respect Alan, I think you've been fed duff info.",anger,anger
Just seeing Alex revells face gets me angry,anger,anger
So about 18mths ago i signed up to @Lumo_Energy for their @VirginAustralia / Velocity FF deal. 18 months in still no FF points #shocking,fear,anger
My Modern Proverb: 'Don't let anyone intimidate you about being single; most marriages end in divorce.',fear,joy
@lukeshawtime terrible,fear,sadness
"Ever been really lonely and your phone keeps blowing up, but you just canâ€™t pick it up and respond to people?  #recluse #issues",fear,sadness
Nothing worse than an uber driver that can't drive. #awful,fear,anger
Whatt a trailerrrr !!! @karanjohar @AnushkaSharma #RanbirKapoor #AishwaryaRaiBachchan i am COMPLETELY BLOWN !! #awestruck #longingformore,fear,joy
I want to be a woman who #overcomes obstacles by tackling them in #faith instead of tiptoeing around them in #fear. Renee Swope,fear,fear
"If i start growing out my mustache now, I can be Pablo Escobar for Halloween!!!",fear,joy
"Gahh...BT, in queue for 30 minutes.. Now put through to BT Sport dept to cancel... back in a queue again... ",fear,anger
"By officialy adopting #BurhanWani, a #Hizbul terrorist, #Pakistan n #NawazSharif hv md a cardinal mistake 2day tht'll haunt fr years. #UNGA",fear,anger
@ChrissyCostanza and have social anxiety. There is many awkward things wrong with me. ğŸ˜„,fear,joy
"@soozclifford Sure have... Sydney are too tough, too quick and their 'team' pressure is too much for the Cats to handle. Motlop/Cowan #timid",fear,anger
The Apocalypse has hit our gym and it's  nothing what I thought it would be...\n\nEveryone is wearing vests! What if it's contagious? ,fear,fear
"@chutneysupercat hi lovely brownie, MM is calling me tuppytupperware.. its awful",fear,sadness
Bout ta get my @dontbreathe on up in here! @WarrenTheaters #nervous #icantholdmybreaththatlong,fear,fear
The moment you bring her to meet your best friend and you're nervous af! ğŸ˜¬ğŸ˜† #nervous #thefriendtest,fear,fear
@AttentiAlGatto LOL! Why would it scare me? It doesn't make any sense at all but it doesn't scare me! {chuckles},fear,joy
Tweeting from the sporadic wifi on the tube ,fear,joy
â€œWe can easily #forgive a #child who is #afraid of the #dark; the real #tragedy of #life is when #men are #afraid of the #light.â€â€“Plato,fear,sadness
"The 2nd step to beating #anxiety or #depression is realising that it's not about waiting for ...., Take action yourself now.",fear,anger
@bruins_514 @gorddownie @thehipdotcom It would be #TragicallyHip if they can #help @TOYSFORASMILE make #hospitalized  #sick #kids #smile ğŸ˜ŠâœŒâ¤,joy,joy
Somebody who has braved the storm is brewing. #cheerful,joy,joy
"@Casper10666 I assure you there is no laughter, but increasing anger at the costs, and arrogance of Westminster.",joy,anger
Val reminds me of one of the cheerful witches that looks after Aurora in Disneyâ€™s Sleeping Beauty. #GBBO,joy,joy
Chris would take full responsibility and would want us all to rejoice in the memories we all had with him.,joy,joy
"Be it a rainy day, be it cheerful sunshine, I am a Prussian, want nothing to be but a Prussian.:|",joy,joy
So far ours greet have raised Â£250 for @HGatChristmas with more to come in #sparkling @CllrJohnFox @simoncotton69,joy,joy
@MichiganBromo Good optimism sir :),joy,joy
Metal keeps you young and spry and keeps your hair luxurious.\n\nYES\n\nSHUT UP AND LISTEN TO ME,joy,anger
Nawaz Sharif is getting more funnier than @kapilsharmak9 day by day.  #challenge #kashmir #baloch,joy,joy
@harrietemmett great minds think alike. #rejoice,joy,joy
Sioux Valley wins home competitive #cheer invite with a score of 158. ...Dell Rapids second at 138,joy,joy
I love my family so much #lucky #grateful #smartassfamily  #love,joy,joy
@Communism_Kills i get the subway melt and make sure it's only hearty italian bread... black olives are a must though,joy,joy
@Bridget_Jones was joyous. Worried I would be disappointed. Most definitely was not. #chickflick #giggles #comethefuckonbridget,joy,joy
"TheNiceBot: IndyMN I thought the holidays could not get any more cheerful, and then I met you. #TheNiceBot #Ø§Ù„Ø®ÙØ¬ÙŠ",joy,joy
@GigaFag @pipertownsend_ snapchat new would beg to differ ,joy,joy
Heather that was #hilarious! @MsHeatherBates @pattonoswalt @chrishansen #AnthonyWeiner #15gets20 #NYC,joy,joy
"It's #HobbitDay! \nHobbit's give gifts on their birthdays, so I'm sharing the gift of #glee today! Find something that makes you happy!",joy,joy
4-2 Canada final tomorrow #WCH #Predictions #optimism #Canadian ğŸ‡¨ğŸ‡¦,joy,joy
"@ccrago It was dreadful, even after he met the Catfish he still thought it was her!",sadness,sadness
@OHSOVICTORIOUS_ @FaZeAdapt We all seen it coming.. it's sad. But her Instagram comments on her pics are funny. Adapts fans blew it up ğŸ˜‚ğŸ˜‚ğŸ˜‚,sadness,joy
Public products: high downhearted price tag consumer survey sum and substance: OVth,sadness,sadness
amateur author Twitter might be the most depressing thing I've ever seen,sadness,sadness
"I'd rather laugh with the rarest genius, in beautiful alliance with his own being, where he kept his sadness. #melancholy",sadness,sadness
"Hello my dear friends, I will be back online this Friday night. I miss you! #sober #sobriety #recovery",sadness,joy
aaahhhh! a little @OtisRedding to soothe the soul. #music #blues,sadness,joy
Might go on @RadioX tomorrow to hopefully win a new car. My current one stinks of gone off milk. #grim,sadness,joy
and for inconsolable Oxford academics - 'Brussels should just ignore the #Brexit vote and tell the UK it can't leave the EU....ever....wah',sadness,anger
I can't WAIT to go to work tomorrow with a high as fuck fever. [sarcasm]\nHopefully I'll feel better tomorrow.\nBut I doubt it. #pessimism,sadness,anger
"@StaceyDavidson_ You're a thief and a liberal mope, investigated by the financial services board for theft of govt retirement funds. THIEF",sadness,anger
"Don't be disheartened if you didn't get the cards you wanted, it's not the end of the world......E-Eh...? Y-You want me to cheer you up?",sadness,fear
"A pessimist is someone who, when opportunity knocks, complains about the noise #mikeshumor",sadness,joy
Folk Band 'Thistle Down' will be replaced by 'The Paul Edwards Quartet' at Laurel Bank Park Sat 24 11am - 3pm due to ill health #jazz ,sadness,sadness
@trashcami this cured my depression,sadness,joy
@pmo100 @5liveSport .....I heard talk something is a miss. He looks weary.,sadness,sadness
Don't depress yourself by comparing yourself. No comparisons.,sadness,sadness
All I want to do is watch some netflix but I am stuck here in class. #depressing,sadness,sadness
If you #invest in my new #film I will stop asking you to invest in my new film. #concessions #crime #despair #shortsightedness #celebrities,sadness,anger
"@LeePorter94 @DomMcGovern_ hi Dom I saw u at Notts county away, looking for 1 mufc away ticket will pay #blues",sadness,joy
